{
  "multipart": [
    {
      "apply": [
 {                    "model": "block/bamboo_fence_post"},
 { "model": "block/blockstates_random/bamboo_fence_post_1"}
  ]
    },
    {
      "apply": [
 { "model": "minecraft:block/bamboo_fence_side_north", "uvlock": false},
 { "model": "block/blockstates_random/bamboo_fence_side_north_1", "uvlock": false}
  ],
      "when": {
        "north": "true"
      }
    },
    {
      "apply": [
 {                    "model": "block/bamboo_fence_side_east", "uvlock": false},
 { "model": "block/blockstates_random/bamboo_fence_side_east_1", "uvlock": false}
  ],
      "when": {
        "east": "true"
      }
    },
    {
      "apply": [
 {                    "model": "block/bamboo_fence_side_south", "uvlock": false},
 { "model": "block/blockstates_random/bamboo_fence_side_south_1", "uvlock": false}
  ],
      "when": {
        "south": "true"
      }
    },
    {
      "apply": [
 {                    "model": "block/bamboo_fence_side_west", "uvlock": false},
 { "model": "block/blockstates_random/bamboo_fence_side_west_1", "uvlock": false}
  ],
      "when": {
        "west": "true"
      }
    }
  ]
}