{
  "variants": {

    "type=bottom": [
      {				   "model": "minecraft:block/bamboo_slab", "weight": 6},      
	{	"model": "minecraft:block/blockstates_random/bamboo_slab_1", "weight": 2},       
	{	"model": "minecraft:block/blockstates_random/bamboo_slab_2", "weight": 2}

    ],

    "type=double": [
      {					   "model": "minecraft:block/bamboo_planks", "weight": 6},      
	{		"model": "minecraft:block/blockstates_random/bamboo_planks_1", "weight": 2},      
	{		"model": "minecraft:block/blockstates_random/bamboo_planks_2", "weight": 2}
    ],

    "type=top": [
      {				   "model": "minecraft:block/bamboo_slab_top", "weight": 6},      
	{	"model": "minecraft:block/blockstates_random/bamboo_slab_top_1", "weight": 2},       
	{	"model": "minecraft:block/blockstates_random/bamboo_slab_top_2", "weight": 2}
    ]

  }
}