 {
  "variants": {
 
"axis=y":  [
 {                    "model": "block/cherry_wood", "weight": 4 },
 { "model": "block/blockstates_random/cherry_wood_1", "weight": 3 },
 { "model": "block/blockstates_random/cherry_wood_2", "weight": 2 },
 { "model": "block/blockstates_random/cherry_wood_3", "weight": 1 }
  ],
 
 "axis=z":  [
 {                    "model": "block/cherry_wood", "x": 90,  "weight": 4 },
 { "model": "block/blockstates_random/cherry_wood_1", "x": 90, "weight": 3 },
 { "model": "block/blockstates_random/cherry_wood_2", "x": 90, "weight": 2 },
 { "model": "block/blockstates_random/cherry_wood_3", "x": 90, "weight": 1 }
  ],
 
 "axis=x":  [
 {                    "model": "block/cherry_wood", "x": 90, "y": 90,  "weight": 4 },
 { "model": "block/blockstates_random/cherry_wood_1", "x": 90, "y": 90, "weight": 3 },
 { "model": "block/blockstates_random/cherry_wood_2", "x": 90, "y": 90, "weight": 2 },
 { "model": "block/blockstates_random/cherry_wood_3", "x": 90, "y": 90, "weight": 1 }
  ]
 }

 
}

