{
  "variants": {

    "type=bottom": [
      {				   "model": "minecraft:block/jungle_slab", "weight": 2},      
	{	"model": "minecraft:block/blockstates_random/jungle_slab_1", "weight": 2},       
	{	"model": "minecraft:block/blockstates_random/jungle_slab_2", "weight": 3}

    ],

    "type=double": [
      {					   "model": "minecraft:block/jungle_planks", "weight": 2},      
	{		"model": "minecraft:block/blockstates_random/jungle_planks_1", "weight": 2},      
	{		"model": "minecraft:block/blockstates_random/jungle_planks_2", "weight": 3}
    ],

    "type=top": [
      {				   "model": "minecraft:block/jungle_slab_top", "weight": 2},      
	{	"model": "minecraft:block/blockstates_random/jungle_slab_top_1", "weight": 2},       
	{	"model": "minecraft:block/blockstates_random/jungle_slab_top_2", "weight": 3}
    ]

  }
}