{
  "variants": {

    "facing=east,half=bottom,shape=inner_left": [
      {				   "model": "minecraft:block/oak_stairs_inner", "weight": 3, "y": 270, "uvlock": true},
      {	"model": "minecraft:block/blockstates_random/oak_stairs_inner_1", "weight": 2, "y": 270, "uvlock": true},
      {	"model": "minecraft:block/blockstates_random/oak_stairs_inner_2", "weight": 3, "y": 270, "uvlock": true},
      {	"model": "minecraft:block/blockstates_random/oak_stairs_inner_3", "weight": 3, "y": 270, "uvlock": true}
    ],

    "facing=east,half=bottom,shape=inner_right": [
      {				   "model": "minecraft:block/oak_stairs_inner", "weight": 3},
      {	"model": "minecraft:block/blockstates_random/oak_stairs_inner_1", "weight": 2},
      {	"model": "minecraft:block/blockstates_random/oak_stairs_inner_2", "weight": 3},
      {	"model": "minecraft:block/blockstates_random/oak_stairs_inner_3", "weight": 3}
    ],

    "facing=east,half=bottom,shape=outer_left": [
      {				   "model": "minecraft:block/oak_stairs_outer", "weight": 3, "y": 270, "uvlock": true},
      {	"model": "minecraft:block/blockstates_random/oak_stairs_outer_1", "weight": 2, "y": 270, "uvlock": true},
      {	"model": "minecraft:block/blockstates_random/oak_stairs_outer_2", "weight": 3, "y": 270, "uvlock": true},
      {	"model": "minecraft:block/blockstates_random/oak_stairs_outer_3", "weight": 3, "y": 270, "uvlock": true}
    ],

    "facing=east,half=bottom,shape=outer_right": [
      {				   "model": "minecraft:block/oak_stairs_outer", "weight": 3},
      {	"model": "minecraft:block/blockstates_random/oak_stairs_outer_1", "weight": 2},
      {	"model": "minecraft:block/blockstates_random/oak_stairs_outer_2", "weight": 3},
      {	"model": "minecraft:block/blockstates_random/oak_stairs_outer_3", "weight": 3}
    ],

    "facing=east,half=bottom,shape=straight": [
      {				   "model": "minecraft:block/oak_stairs", "weight": 3},
      {	"model": "minecraft:block/blockstates_random/oak_stairs_1", "weight": 2},
      {	"model": "minecraft:block/blockstates_random/oak_stairs_2", "weight": 3},
      {	"model": "minecraft:block/blockstates_random/oak_stairs_3", "weight": 3}
    ],

    "facing=east,half=top,shape=inner_left": [
      {				   "model": "minecraft:block/oak_stairs_inner", "weight": 3, "x": 180, "uvlock": true},
      {	"model": "minecraft:block/blockstates_random/oak_stairs_inner_1", "weight": 2, "x": 180, "uvlock": true},
      {	"model": "minecraft:block/blockstates_random/oak_stairs_inner_2", "weight": 3, "x": 180, "uvlock": true},
      {	"model": "minecraft:block/blockstates_random/oak_stairs_inner_3", "weight": 3, "x": 180, "uvlock": true}
    ],

    "facing=east,half=top,shape=inner_right": [
      {				   "model": "minecraft:block/oak_stairs_inner", "weight": 3, "x": 180, "y": 90, "uvlock": true},
      {	"model": "minecraft:block/blockstates_random/oak_stairs_inner_1", "weight": 2, "x": 180, "y": 90, "uvlock": true},
      {	"model": "minecraft:block/blockstates_random/oak_stairs_inner_2", "weight": 3, "x": 180, "y": 90, "uvlock": true},
      {	"model": "minecraft:block/blockstates_random/oak_stairs_inner_3", "weight": 3, "x": 180, "y": 90, "uvlock": true}
    ],

    "facing=east,half=top,shape=outer_left": [
      {				   "model": "minecraft:block/oak_stairs_outer", "weight": 3, "x": 180, "uvlock": true},
      {	"model": "minecraft:block/blockstates_random/oak_stairs_outer_1", "weight": 2, "x": 180, "uvlock": true},
      {	"model": "minecraft:block/blockstates_random/oak_stairs_outer_2", "weight": 3, "x": 180, "uvlock": true},
      {	"model": "minecraft:block/blockstates_random/oak_stairs_outer_3", "weight": 3, "x": 180, "uvlock": true}
    ],

    "facing=east,half=top,shape=outer_right": [
      {				   "model": "minecraft:block/oak_stairs_outer", "weight": 3, "x": 180, "y": 90, "uvlock": true},
      {	"model": "minecraft:block/blockstates_random/oak_stairs_outer_1", "weight": 2, "x": 180, "y": 90, "uvlock": true},
      {	"model": "minecraft:block/blockstates_random/oak_stairs_outer_2", "weight": 3, "x": 180, "y": 90, "uvlock": true},
      {	"model": "minecraft:block/blockstates_random/oak_stairs_outer_3", "weight": 3, "x": 180, "y": 90, "uvlock": true}
    ],

    "facing=east,half=top,shape=straight": [
      {				   "model": "minecraft:block/oak_stairs", "weight": 3, "x": 180, "uvlock": true},
      {	"model": "minecraft:block/blockstates_random/oak_stairs_1", "weight": 2, "x": 180, "uvlock": true},
      {	"model": "minecraft:block/blockstates_random/oak_stairs_2", "weight": 3, "x": 180, "uvlock": true},
      {	"model": "minecraft:block/blockstates_random/oak_stairs_3", "weight": 3, "x": 180, "uvlock": true}
    ],

    "facing=north,half=bottom,shape=inner_left": [
      {				   "model": "minecraft:block/oak_stairs_inner", "weight": 3, "y": 180, "uvlock": true},
      {	"model": "minecraft:block/blockstates_random/oak_stairs_inner_1", "weight": 2, "y": 180, "uvlock": true},
      {	"model": "minecraft:block/blockstates_random/oak_stairs_inner_2", "weight": 3, "y": 180, "uvlock": true},
      {	"model": "minecraft:block/blockstates_random/oak_stairs_inner_3", "weight": 3, "y": 180, "uvlock": true}
    ],

    "facing=north,half=bottom,shape=inner_right": [
      {				   "model": "minecraft:block/oak_stairs_inner", "weight": 3, "y": 270, "uvlock": true},
      {	"model": "minecraft:block/blockstates_random/oak_stairs_inner_1", "weight": 2, "y": 270, "uvlock": true},
      {	"model": "minecraft:block/blockstates_random/oak_stairs_inner_2", "weight": 3, "y": 270, "uvlock": true},
      {	"model": "minecraft:block/blockstates_random/oak_stairs_inner_3", "weight": 3, "y": 270, "uvlock": true}
    ],

    "facing=north,half=bottom,shape=outer_left": [
      {				   "model": "minecraft:block/oak_stairs_outer", "weight": 3, "y": 180, "uvlock": true},
      {	"model": "minecraft:block/blockstates_random/oak_stairs_outer_1", "weight": 2, "y": 180, "uvlock": true},
      {	"model": "minecraft:block/blockstates_random/oak_stairs_outer_2", "weight": 3, "y": 180, "uvlock": true},
      {	"model": "minecraft:block/blockstates_random/oak_stairs_outer_3", "weight": 3, "y": 180, "uvlock": true}
    ],

    "facing=north,half=bottom,shape=outer_right": [
      {				   "model": "minecraft:block/oak_stairs_outer", "weight": 3, "y": 270, "uvlock": true},
      {	"model": "minecraft:block/blockstates_random/oak_stairs_outer_1", "weight": 2, "y": 270, "uvlock": true},
      {	"model": "minecraft:block/blockstates_random/oak_stairs_outer_2", "weight": 3, "y": 270, "uvlock": true},
      {	"model": "minecraft:block/blockstates_random/oak_stairs_outer_3", "weight": 3, "y": 270, "uvlock": true}
    ],

    "facing=north,half=bottom,shape=straight": [
      {				   "model": "minecraft:block/oak_stairs", "weight": 3, "y": 270, "uvlock": true},
      {	"model": "minecraft:block/blockstates_random/oak_stairs_1", "weight": 2, "y": 270, "uvlock": true},
      {	"model": "minecraft:block/blockstates_random/oak_stairs_2", "weight": 3, "y": 270, "uvlock": true},
      {	"model": "minecraft:block/blockstates_random/oak_stairs_3", "weight": 3, "y": 270, "uvlock": true}
    ],

    "facing=north,half=top,shape=inner_left": [
      {				   "model": "minecraft:block/oak_stairs_inner", "weight": 3, "x": 180, "y": 270, "uvlock": true},
      {	"model": "minecraft:block/blockstates_random/oak_stairs_inner_1", "weight": 2, "x": 180, "y": 270, "uvlock": true},
      {	"model": "minecraft:block/blockstates_random/oak_stairs_inner_2", "weight": 3, "x": 180, "y": 270, "uvlock": true},
      {	"model": "minecraft:block/blockstates_random/oak_stairs_inner_3", "weight": 3, "x": 180, "y": 270, "uvlock": true}
    ],

    "facing=north,half=top,shape=inner_right": [
      {				   "model": "minecraft:block/oak_stairs_inner", "weight": 3, "x": 180, "uvlock": true},
      {	"model": "minecraft:block/blockstates_random/oak_stairs_inner_1", "weight": 2, "x": 180, "uvlock": true},
      {	"model": "minecraft:block/blockstates_random/oak_stairs_inner_2", "weight": 3, "x": 180, "uvlock": true},
      {	"model": "minecraft:block/blockstates_random/oak_stairs_inner_3", "weight": 3, "x": 180, "uvlock": true}
    ],

    "facing=north,half=top,shape=outer_left": [
      {				   "model": "minecraft:block/oak_stairs_outer", "weight": 3, "x": 180, "y": 270, "uvlock": true},
      {	"model": "minecraft:block/blockstates_random/oak_stairs_outer_1", "weight": 2, "x": 180, "y": 270, "uvlock": true},
      {	"model": "minecraft:block/blockstates_random/oak_stairs_outer_2", "weight": 3, "x": 180, "y": 270, "uvlock": true},
      {	"model": "minecraft:block/blockstates_random/oak_stairs_outer_3", "weight": 3, "x": 180, "y": 270, "uvlock": true}
    ],

    "facing=north,half=top,shape=outer_right": [
      {				   "model": "minecraft:block/oak_stairs_outer", "weight": 3, "x": 180, "uvlock": true},
      {	"model": "minecraft:block/blockstates_random/oak_stairs_outer_1", "weight": 2, "x": 180, "uvlock": true},
      {	"model": "minecraft:block/blockstates_random/oak_stairs_outer_2", "weight": 3, "x": 180, "uvlock": true},
      {	"model": "minecraft:block/blockstates_random/oak_stairs_outer_3", "weight": 3, "x": 180, "uvlock": true}
    ],

    "facing=north,half=top,shape=straight": [
      {				   "model": "minecraft:block/oak_stairs", "weight": 3, "x": 180, "y": 270, "uvlock": true},
      {	"model": "minecraft:block/blockstates_random/oak_stairs_1", "weight": 2, "x": 180, "y": 270, "uvlock": true},
      {	"model": "minecraft:block/blockstates_random/oak_stairs_2", "weight": 3, "x": 180, "y": 270, "uvlock": true},
      {	"model": "minecraft:block/blockstates_random/oak_stairs_3", "weight": 3, "x": 180, "y": 270, "uvlock": true}
    ],

    "facing=south,half=bottom,shape=inner_left": [
      {				   "model": "minecraft:block/oak_stairs_inner", "weight": 3},
      {	"model": "minecraft:block/blockstates_random/oak_stairs_inner_1", "weight": 2},
      {	"model": "minecraft:block/blockstates_random/oak_stairs_inner_2", "weight": 3},
      {	"model": "minecraft:block/blockstates_random/oak_stairs_inner_3", "weight": 3}
    ],

    "facing=south,half=bottom,shape=inner_right": [
      {				   "model": "minecraft:block/oak_stairs_inner", "weight": 3, "y": 90, "uvlock": true},
      {	"model": "minecraft:block/blockstates_random/oak_stairs_inner_1", "weight": 2, "y": 90, "uvlock": true},
      {	"model": "minecraft:block/blockstates_random/oak_stairs_inner_2", "weight": 3, "y": 90, "uvlock": true},
      {	"model": "minecraft:block/blockstates_random/oak_stairs_inner_3", "weight": 3, "y": 90, "uvlock": true}
    ],

    "facing=south,half=bottom,shape=outer_left": [
      {				   "model": "minecraft:block/oak_stairs_outer", "weight": 3},
      {	"model": "minecraft:block/blockstates_random/oak_stairs_outer_1", "weight": 2},
      {	"model": "minecraft:block/blockstates_random/oak_stairs_outer_2", "weight": 3},
      {	"model": "minecraft:block/blockstates_random/oak_stairs_outer_3", "weight": 3}
    ],

    "facing=south,half=bottom,shape=outer_right": [
      {				   "model": "minecraft:block/oak_stairs_outer", "weight": 3, "y": 90, "uvlock": true},
      {	"model": "minecraft:block/blockstates_random/oak_stairs_outer_1", "weight": 2, "y": 90, "uvlock": true},
      {	"model": "minecraft:block/blockstates_random/oak_stairs_outer_2", "weight": 3, "y": 90, "uvlock": true},
      {	"model": "minecraft:block/blockstates_random/oak_stairs_outer_3", "weight": 3, "y": 90, "uvlock": true}
    ],

    "facing=south,half=bottom,shape=straight": [
      {				   "model": "minecraft:block/oak_stairs", "weight": 3, "y": 90, "uvlock": true},
      {	"model": "minecraft:block/blockstates_random/oak_stairs_1", "weight": 2, "y": 90, "uvlock": true},
      {	"model": "minecraft:block/blockstates_random/oak_stairs_2", "weight": 3, "y": 90, "uvlock": true},
      {	"model": "minecraft:block/blockstates_random/oak_stairs_3", "weight": 3, "y": 90, "uvlock": true}
    ],

    "facing=south,half=top,shape=inner_left": [
      {				   "model": "minecraft:block/oak_stairs_inner", "weight": 3, "x": 180, "y": 90, "uvlock": true},
      {	"model": "minecraft:block/blockstates_random/oak_stairs_inner_1", "weight": 2, "x": 180, "y": 90, "uvlock": true},
      {	"model": "minecraft:block/blockstates_random/oak_stairs_inner_2", "weight": 3, "x": 180, "y": 90, "uvlock": true},
      {	"model": "minecraft:block/blockstates_random/oak_stairs_inner_3", "weight": 3, "x": 180, "y": 90, "uvlock": true}
    ],

    "facing=south,half=top,shape=inner_right": [
      {				   "model": "minecraft:block/oak_stairs_inner", "weight": 3, "x": 180, "y": 180, "uvlock": true},
      {	"model": "minecraft:block/blockstates_random/oak_stairs_inner_1", "weight": 2, "x": 180, "y": 180, "uvlock": true},
      {	"model": "minecraft:block/blockstates_random/oak_stairs_inner_2", "weight": 3, "x": 180, "y": 180, "uvlock": true},
      {	"model": "minecraft:block/blockstates_random/oak_stairs_inner_3", "weight": 3, "x": 180, "y": 180, "uvlock": true}
    ],

    "facing=south,half=top,shape=outer_left": [
      {				   "model": "minecraft:block/oak_stairs_outer", "weight": 3, "x": 180, "y": 90, "uvlock": true},
      {	"model": "minecraft:block/blockstates_random/oak_stairs_outer_1", "weight": 2, "x": 180, "y": 90, "uvlock": true},
      {	"model": "minecraft:block/blockstates_random/oak_stairs_outer_2", "weight": 3, "x": 180, "y": 90, "uvlock": true},
      {	"model": "minecraft:block/blockstates_random/oak_stairs_outer_3", "weight": 3, "x": 180, "y": 90, "uvlock": true}
    ],

    "facing=south,half=top,shape=outer_right": [
      {				   "model": "minecraft:block/oak_stairs_outer", "weight": 3, "x": 180, "y": 180, "uvlock": true},
      {	"model": "minecraft:block/blockstates_random/oak_stairs_outer_1", "weight": 2, "x": 180, "y": 180, "uvlock": true},
      {	"model": "minecraft:block/blockstates_random/oak_stairs_outer_2", "weight": 3, "x": 180, "y": 180, "uvlock": true},
      {	"model": "minecraft:block/blockstates_random/oak_stairs_outer_3", "weight": 3, "x": 180, "y": 180, "uvlock": true}
    ],

    "facing=south,half=top,shape=straight": [
      {				   "model": "minecraft:block/oak_stairs", "weight": 3, "x": 180, "y": 90, "uvlock": true},
      {	"model": "minecraft:block/blockstates_random/oak_stairs_1", "weight": 2, "x": 180, "y": 90, "uvlock": true},
      {	"model": "minecraft:block/blockstates_random/oak_stairs_2", "weight": 3, "x": 180, "y": 90, "uvlock": true},
      {	"model": "minecraft:block/blockstates_random/oak_stairs_3", "weight": 3, "x": 180, "y": 90, "uvlock": true}
    ],

    "facing=west,half=bottom,shape=inner_left": [
      {				   "model": "minecraft:block/oak_stairs_inner", "weight": 3, "y": 90, "uvlock": true},
      {	"model": "minecraft:block/blockstates_random/oak_stairs_inner_1", "weight": 2, "y": 90, "uvlock": true},
      {	"model": "minecraft:block/blockstates_random/oak_stairs_inner_2", "weight": 3, "y": 90, "uvlock": true},
      {	"model": "minecraft:block/blockstates_random/oak_stairs_inner_3", "weight": 3, "y": 90, "uvlock": true}
    ],

    "facing=west,half=bottom,shape=inner_right": [
      {				   "model": "minecraft:block/oak_stairs_inner", "weight": 3, "y": 180, "uvlock": true},
      {	"model": "minecraft:block/blockstates_random/oak_stairs_inner_1", "weight": 2, "y": 180, "uvlock": true},
      {	"model": "minecraft:block/blockstates_random/oak_stairs_inner_2", "weight": 3, "y": 180, "uvlock": true},
      {	"model": "minecraft:block/blockstates_random/oak_stairs_inner_3", "weight": 3, "y": 180, "uvlock": true}
    ],

    "facing=west,half=bottom,shape=outer_left": [
      {			  	   "model": "minecraft:block/oak_stairs_outer", "weight": 3, "y": 90, "uvlock": true},
      {	"model": "minecraft:block/blockstates_random/oak_stairs_outer_1", "weight": 2, "y": 90, "uvlock": true},
      {	"model": "minecraft:block/blockstates_random/oak_stairs_outer_2", "weight": 3, "y": 90, "uvlock": true},
      {	"model": "minecraft:block/blockstates_random/oak_stairs_outer_3", "weight": 3, "y": 90, "uvlock": true}
    ],

    "facing=west,half=bottom,shape=outer_right": [
      {				   "model": "minecraft:block/oak_stairs_outer", "weight": 3, "y": 180, "uvlock": true},
      {	"model": "minecraft:block/blockstates_random/oak_stairs_outer_1", "weight": 2, "y": 180, "uvlock": true},
      {	"model": "minecraft:block/blockstates_random/oak_stairs_outer_2", "weight": 3, "y": 180, "uvlock": true},
      {	"model": "minecraft:block/blockstates_random/oak_stairs_outer_3", "weight": 3, "y": 180, "uvlock": true}
    ],

    "facing=west,half=bottom,shape=straight": [
      {				   "model": "minecraft:block/oak_stairs", "weight": 3, "y": 180, "uvlock": true},
      {	"model": "minecraft:block/blockstates_random/oak_stairs_1", "weight": 2, "y": 180, "uvlock": true},
      {	"model": "minecraft:block/blockstates_random/oak_stairs_2", "weight": 3, "y": 180, "uvlock": true},
      {	"model": "minecraft:block/blockstates_random/oak_stairs_3", "weight": 3, "y": 180, "uvlock": true}
    ],

    "facing=west,half=top,shape=inner_left": [
      {				   "model": "minecraft:block/oak_stairs_inner", "weight": 3, "x": 180, "y": 180, "uvlock": true},
      {	"model": "minecraft:block/blockstates_random/oak_stairs_inner_1", "weight": 2, "x": 180, "y": 180, "uvlock": true},
      {	"model": "minecraft:block/blockstates_random/oak_stairs_inner_2", "weight": 3, "x": 180, "y": 180, "uvlock": true},
      {	"model": "minecraft:block/blockstates_random/oak_stairs_inner_3", "weight": 3, "x": 180, "y": 180, "uvlock": true}
    ],

    "facing=west,half=top,shape=inner_right": [
      {				   "model": "minecraft:block/oak_stairs_inner", "weight": 3, "x": 180, "y": 270, "uvlock": true},
      {	"model": "minecraft:block/blockstates_random/oak_stairs_inner_1", "weight": 2, "x": 180, "y": 270, "uvlock": true},
      {	"model": "minecraft:block/blockstates_random/oak_stairs_inner_2", "weight": 3, "x": 180, "y": 270, "uvlock": true},
      {	"model": "minecraft:block/blockstates_random/oak_stairs_inner_3", "weight": 3, "x": 180, "y": 270, "uvlock": true}
    ],

    "facing=west,half=top,shape=outer_left": [
      {				   "model": "minecraft:block/oak_stairs_outer", "weight": 3, "x": 180, "y": 180, "uvlock": true},
      {	"model": "minecraft:block/blockstates_random/oak_stairs_outer_1", "weight": 2, "x": 180, "y": 180, "uvlock": true},
      {	"model": "minecraft:block/blockstates_random/oak_stairs_outer_2", "weight": 3, "x": 180, "y": 180, "uvlock": true},
      {	"model": "minecraft:block/blockstates_random/oak_stairs_outer_3", "weight": 3, "x": 180, "y": 180, "uvlock": true}
    ],

    "facing=west,half=top,shape=outer_right": [
      {				   "model": "minecraft:block/oak_stairs_outer", "weight": 3, "x": 180, "y": 270, "uvlock": true},
      {	"model": "minecraft:block/blockstates_random/oak_stairs_outer_1", "weight": 2, "x": 180, "y": 270, "uvlock": true},
      {	"model": "minecraft:block/blockstates_random/oak_stairs_outer_2", "weight": 3, "x": 180, "y": 270, "uvlock": true},
      {	"model": "minecraft:block/blockstates_random/oak_stairs_outer_3", "weight": 3, "x": 180, "y": 270, "uvlock": true}
    ],

    "facing=west,half=top,shape=straight": [
      {				   "model": "minecraft:block/oak_stairs", "weight": 3, "x": 180, "y": 180, "uvlock": true},
      {	"model": "minecraft:block/blockstates_random/oak_stairs_1", "weight": 2, "x": 180, "y": 180, "uvlock": true},
      {	"model": "minecraft:block/blockstates_random/oak_stairs_2", "weight": 3, "x": 180, "y": 180, "uvlock": true},
      {	"model": "minecraft:block/blockstates_random/oak_stairs_3", "weight": 3, "x": 180, "y": 180, "uvlock": true}
    ]

  }
}