{
  "variants": {

    "type=bottom": [
      {				   "model": "minecraft:block/stone_brick_slab", "weight": 3},      
	{	"model": "minecraft:block/blockstates_random/stone_brick_slab_1", "weight": 2},       
	{	"model": "minecraft:block/blockstates_random/stone_brick_slab_2", "weight": 2}

    ],

    "type=double": [
      {					   "model": "minecraft:block/stone_bricks", "weight": 3},      
	{		"model": "minecraft:block/blockstates_random/stone_bricks_1", "weight": 2},      
	{		"model": "minecraft:block/blockstates_random/stone_bricks_2", "weight": 2}
    ],

    "type=top": [
      {				   "model": "minecraft:block/stone_brick_slab_top", "weight": 3},      
	{	"model": "minecraft:block/blockstates_random/stone_brick_slab_top_1", "weight": 2},       
	{	"model": "minecraft:block/blockstates_random/stone_brick_slab_top_2", "weight": 2}
    ]

  }
}