 {
  "variants": {
 
"axis=y":  [
 {                    "model": "block/stripped_pale_oak_log", "weight": 1 },
 { "model": "block/blockstates_random/stripped_pale_oak_log_1", "weight": 1 }
  ],
 
 "axis=z":  [
 {                    "model": "block/stripped_pale_oak_log", "x": 90,  "weight": 1 },
 { "model": "block/blockstates_random/stripped_pale_oak_log_1", "x": 90, "weight": 1 }
  ],
 
 "axis=x":  [
 {                    "model": "block/stripped_pale_oak_log", "x": 90, "y": 90,  "weight": 1 },
 { "model": "block/blockstates_random/stripped_pale_oak_log_1", "x": 90, "y": 90, "weight": 1 }
  ]
 }

 
}

