 {
  "variants": {
 
"axis=y":  [
 {                    "model": "block/stripped_birch_wood", "weight": 1 },
 { "model": "block/blockstates_random/stripped_birch_wood_1", "weight": 1 },
 { "model": "block/blockstates_random/stripped_birch_wood_2", "weight": 2 }
  ],
 
 "axis=z":  [
 {                    "model": "block/stripped_birch_wood", "x": 90,  "weight": 1 },
 { "model": "block/blockstates_random/stripped_birch_wood_1", "x": 90, "weight": 1 },
 { "model": "block/blockstates_random/stripped_birch_wood_2", "x": 90, "weight": 2 }
  ],
 
 "axis=x":  [
 {                    "model": "block/stripped_birch_wood", "x": 90, "y": 90,  "weight": 1 },
 { "model": "block/blockstates_random/stripped_birch_wood_1", "x": 90, "y": 90, "weight": 1 },
 { "model": "block/blockstates_random/stripped_birch_wood_2", "x": 90, "y": 90, "weight": 2 }
  ]
 }

 
}

