 {
  "variants": {
 
"axis=y":  [
 {                    "model": "block/warped_hyphae", "weight": 1 },
 { "model": "block/blockstates_random/warped_hyphae_1", "weight": 1 },
 { "model": "block/blockstates_random/warped_hyphae_2", "weight": 5 },
 { "model": "block/blockstates_random/warped_hyphae_3", "weight": 2 }
  ],
 
 "axis=z":  [
 {                    "model": "block/warped_hyphae", "x": 90,  "weight": 1 },
 { "model": "block/blockstates_random/warped_hyphae_1", "x": 90, "weight": 1 },
 { "model": "block/blockstates_random/warped_hyphae_2", "x": 90, "weight": 5 },
 { "model": "block/blockstates_random/warped_hyphae_3", "x": 90, "weight": 2 }
  ],
 
 "axis=x":  [
 {                    "model": "block/warped_hyphae", "x": 90, "y": 90,  "weight": 1 },
 { "model": "block/blockstates_random/warped_hyphae_1", "x": 90, "y": 90, "weight": 1 },
 { "model": "block/blockstates_random/warped_hyphae_2", "x": 90, "y": 90, "weight": 5 },
 { "model": "block/blockstates_random/warped_hyphae_3", "x": 90, "y": 90, "weight": 2 }
  ]
 }

 
}

