{
  "ability": {
    "abilities": {
      "frosty_shackles": {
        "requiredPoints": 1,
        "requiredLevel": 0,
        "maxLevel": 10,
        "stats": {
          "duration": {
            "minInitialValue": 4.0,
            "maxInitialValue": 10.0,
            "minThresholdValue": 4.9E-324,
            "maxThresholdValue": 1.7976931348623157E308,
            "upgradeOperation": "ADD",
            "upgradeModifier": 1.0
          },
          "radius": {
            "minInitialValue": 7.0,
            "maxInitialValue": 20.0,
            "minThresholdValue": 4.9E-324,
            "maxThresholdValue": 1.7976931348623157E308,
            "upgradeOperation": "MULTIPLY_BASE",
            "upgradeModifier": 0.5
          }
        }
      },
      "snowy_whirlwind": {
        "requiredPoints": 2,
        "requiredLevel": 0,
        "maxLevel": 4,
        "stats": {
          "radius": {
            "minInitialValue": 3.0,
            "maxInitialValue": 8.0,
            "minThresholdValue": 4.9E-324,
            "maxThresholdValue": 1.7976931348623157E308,
            "upgradeOperation": "ADD",
            "upgradeModifier": 1.0
          },
          "dmg": {
            "minInitialValue": 32.0,
            "maxInitialValue": 14.0,
            "minThresholdValue": 4.9E-324,
            "maxThresholdValue": 1.7976931348623157E308,
            "upgradeOperation": "ADD",
            "upgradeModifier": -1.0
          }
        }
      },
      "icy_projectiles": {
        "requiredPoints": 1,
        "requiredLevel": 0,
        "maxLevel": 2,
        "stats": {
          "damage": {
            "minInitialValue": 30.0,
            "maxInitialValue": 20.0,
            "minThresholdValue": 4.9E-324,
            "maxThresholdValue": 1.7976931348623157E308,
            "upgradeOperation": "ADD",
            "upgradeModifier": -1.0
          },
          "delay": {
            "minInitialValue": 30.0,
            "maxInitialValue": 20.0,
            "minThresholdValue": 4.9E-324,
            "maxThresholdValue": 1.7976931348623157E308,
            "upgradeOperation": "ADD",
            "upgradeModifier": -1.0
          },
          "size": {
            "minInitialValue": 14.0,
            "maxInitialValue": 32.0,
            "minThresholdValue": 4.9E-324,
            "maxThresholdValue": 1.7976931348623157E308,
            "upgradeOperation": "MULTIPLY_BASE",
            "upgradeModifier": 0.2
          },
          "stun": {
            "minInitialValue": 1.0,
            "maxInitialValue": 3.0,
            "minThresholdValue": 4.9E-324,
            "maxThresholdValue": 1.7976931348623157E308,
            "upgradeOperation": "MULTIPLY_BASE",
            "upgradeModifier": 0.15
          }
        }
      }
    }
  },
  "leveling": {
    "initialCost": 100,
    "maxLevel": 10,
    "step": 200
  },
  "loot": {
    "entries": {
      "[\\w]+:chests\\/[\\w_\\/]*(frosz?|taiga|cold|winter|snow|icey?|glac)[\\w_\\/]*": 0.025,
      "minecraft:chests/village/village_fletcher": 0.025,
      "minecraft:chests/igloo_chest": 0.025
    }
  }
}