{
	"credit": "Made with Blockbench",
	"parent": "block/thin_block",
	"textures": {
		"1": "block/bamboo_trapdoor_sides",
		"particle": "block/bamboo_trapdoor",
		"texture": "block/bamboo_trapdoor"
	},
	"elements": [
		{
			"name": "outer",
			"from": [0, 0, 0],
			"to": [2, 3, 16],
			"faces": {
				"north": {"uv": [14, 0, 16, 3], "texture": "#1"},
				"east": {"uv": [0, 3, 16, 6], "texture": "#1"},
				"south": {"uv": [0, 0, 2, 3], "texture": "#1"},
				"west": {"uv": [0, 0, 16, 3], "texture": "#1"},
				"up": {"uv": [0, 0, 2, 16], "texture": "#texture"},
				"down": {"uv": [16, 0, 14, 16], "texture": "#texture"}
			}
		},
		{
			"name": "outer",
			"from": [14, 0, 0],
			"to": [16, 3, 16],
			"faces": {
				"north": {"uv": [0, 0, 2, 3], "texture": "#1"},
				"east": {"uv": [0, 0, 16, 3], "texture": "#1"},
				"south": {"uv": [14, 0, 16, 3], "texture": "#1"},
				"west": {"uv": [0, 3, 16, 6], "texture": "#1"},
				"up": {"uv": [14, 0, 16, 16], "texture": "#texture"},
				"down": {"uv": [2, 0, 0, 16], "texture": "#texture"}
			}
		},
		{
			"name": "outer",
			"from": [2, 0, 0],
			"to": [14, 3, 2],
			"faces": {
				"north": {"uv": [2, 0, 14, 3], "texture": "#1"},
				"south": {"uv": [2, 3, 14, 6], "texture": "#1"},
				"up": {"uv": [2, 0, 14, 2], "texture": "#texture"},
				"down": {"uv": [2, 2, 14, 0], "texture": "#texture"}
			}
		},
		{
			"name": "outer",
			"from": [2, 0, 14],
			"to": [14, 3, 16],
			"faces": {
				"north": {"uv": [2, 3, 14, 6], "texture": "#1"},
				"south": {"uv": [2, 0, 14, 3], "texture": "#1"},
				"up": {"uv": [2, 14, 14, 16], "texture": "#texture"},
				"down": {"uv": [2, 16, 14, 14], "texture": "#texture"}
			}
		},
		{
			"name": "inner",
			"from": [2, 0.01, 9],
			"to": [14, 0.01, 14],
			"faces": {
				"north": {"uv": [2, 7, 14, 10], "texture": "#1"},
				"up": {"uv": [2, 9, 14, 14], "texture": "#texture"},
				"down": {"uv": [14, 2, 2, 7], "texture": "#texture"}
			}
		},
		{
			"name": "inner",
			"from": [2, 0.01, 2],
			"to": [14, 0.01, 7],
			"faces": {
				"south": {"uv": [2, 7, 14, 10], "texture": "#1"},
				"up": {"uv": [2, 2, 14, 7], "texture": "#texture"},
				"down": {"uv": [2, 7, 14, 2], "texture": "#texture"}
			}
		},
		{
			"name": "inner",
			"from": [2, 0.01, 7],
			"to": [7, 0.01, 9],
			"faces": {
				"east": {"uv": [7, 7, 9, 10], "texture": "#1"},
				"up": {"uv": [2, 7, 7, 9], "texture": "#texture"},
				"down": {"uv": [9, 7, 14, 9], "texture": "#texture"}
			}
		},
		{
			"name": "inner",
			"from": [9, 0.01, 7],
			"to": [14, 0.01, 9],
			"faces": {
				"west": {"uv": [7, 7, 9, 10], "texture": "#1"},
				"up": {"uv": [9, 7, 14, 9], "texture": "#texture"},
				"down": {"uv": [2, 7, 7, 9], "texture": "#texture"}
			}
		},
		{
			"name": "inner",
			"from": [2, 0, 2],
			"to": [14, 0, 7],
			"faces": {
				"south": {"uv": [2, 7, 14, 10], "texture": "#1"},
				"up": {"uv": [2, 2, 14, 7], "texture": "#texture"},
				"down": {"uv": [2, 7, 14, 2], "texture": "#texture"}
			}
		},
		{
			"name": "inner",
			"from": [2, 0, 7],
			"to": [7, 0, 9],
			"faces": {
				"east": {"uv": [7, 7, 9, 10], "texture": "#1"},
				"up": {"uv": [2, 7, 7, 9], "texture": "#texture"},
				"down": {"uv": [9, 7, 14, 9], "texture": "#texture"}
			}
		},
		{
			"name": "inner",
			"from": [2, 0, 9],
			"to": [14, 0, 14],
			"faces": {
				"north": {"uv": [2, 7, 14, 10], "texture": "#1"},
				"up": {"uv": [2, 9, 14, 14], "texture": "#texture"},
				"down": {"uv": [14, 2, 2, 7], "texture": "#texture"}
			}
		},
		{
			"name": "inner",
			"from": [9, 0, 7],
			"to": [14, 0, 9],
			"faces": {
				"west": {"uv": [7, 7, 9, 10], "texture": "#1"},
				"up": {"uv": [9, 7, 14, 9], "texture": "#texture"},
				"down": {"uv": [2, 7, 7, 9], "texture": "#texture"}
			}
		},
		{
			"name": "inner",
			"from": [2, 2.99, 9],
			"to": [14, 2.99, 14],
			"faces": {
				"north": {"uv": [2, 7, 14, 10], "texture": "#1"},
				"up": {"uv": [2, 9, 14, 14], "texture": "#texture"},
				"down": {"uv": [14, 2, 2, 7], "texture": "#texture"}
			}
		},
		{
			"name": "inner",
			"from": [2, 2.99, 2],
			"to": [14, 2.99, 7],
			"faces": {
				"south": {"uv": [2, 7, 14, 10], "texture": "#1"},
				"up": {"uv": [2, 2, 14, 7], "texture": "#texture"},
				"down": {"uv": [14, 9, 2, 14], "texture": "#texture"}
			}
		},
		{
			"name": "inner",
			"from": [2, 2.99, 7],
			"to": [7, 2.99, 9],
			"faces": {
				"east": {"uv": [7, 7, 9, 10], "texture": "#1"},
				"up": {"uv": [2, 7, 7, 9], "texture": "#texture"},
				"down": {"uv": [9, 7, 14, 9], "texture": "#texture"}
			}
		},
		{
			"name": "inner",
			"from": [9, 2.99, 7],
			"to": [14, 2.99, 9],
			"faces": {
				"west": {"uv": [7, 7, 9, 10], "texture": "#1"},
				"up": {"uv": [9, 7, 14, 9], "texture": "#texture"},
				"down": {"uv": [2, 7, 7, 9], "texture": "#texture"}
			}
		},
		{
			"name": "inner",
			"from": [2, 3, 9],
			"to": [14, 3, 14],
			"faces": {
				"north": {"uv": [2, 7, 14, 10], "texture": "#1"},
				"up": {"uv": [2, 9, 14, 14], "texture": "#texture"},
				"down": {"uv": [14, 2, 2, 7], "texture": "#texture"}
			}
		},
		{
			"name": "inner",
			"from": [2, 3, 7],
			"to": [7, 3, 9],
			"faces": {
				"east": {"uv": [7, 7, 9, 10], "texture": "#1"},
				"up": {"uv": [2, 7, 7, 9], "texture": "#texture"},
				"down": {"uv": [9, 7, 14, 9], "texture": "#texture"}
			}
		},
		{
			"name": "inner",
			"from": [2, 3, 2],
			"to": [14, 3, 7],
			"faces": {
				"south": {"uv": [2, 7, 14, 10], "texture": "#1"},
				"up": {"uv": [2, 2, 14, 7], "texture": "#texture"},
				"down": {"uv": [14, 9, 2, 14], "texture": "#texture"}
			}
		},
		{
			"name": "inner",
			"from": [9, 3, 7],
			"to": [14, 3, 9],
			"faces": {
				"west": {"uv": [7, 7, 9, 10], "texture": "#1"},
				"up": {"uv": [9, 7, 14, 9], "texture": "#texture"},
				"down": {"uv": [2, 7, 7, 9], "texture": "#texture"}
			}
		},
		{
			"name": "inside",
			"from": [7, 0, 7],
			"to": [7, 3, 9],
			"faces": {
				"north": {"uv": [7, 7, 9, 10], "texture": "#1"},
				"east": {"uv": [7, 7, 9, 10], "texture": "#1"},
				"south": {"uv": [7, 7, 9, 10], "texture": "#1"},
				"west": {"uv": [7, 7, 9, 10], "texture": "#1"}
			}
		},
		{
			"name": "inside",
			"from": [7, 0, 7],
			"to": [9, 3, 7],
			"faces": {
				"north": {"uv": [7, 7, 9, 10], "texture": "#1"},
				"east": {"uv": [7, 7, 9, 10], "texture": "#1"},
				"south": {"uv": [7, 7, 9, 10], "texture": "#1"},
				"west": {"uv": [7, 7, 9, 10], "texture": "#1"}
			}
		},
		{
			"name": "inside",
			"from": [9, 0, 7],
			"to": [9, 3, 9],
			"faces": {
				"north": {"uv": [7, 7, 9, 10], "texture": "#1"},
				"east": {"uv": [7, 7, 9, 10], "texture": "#1"},
				"south": {"uv": [7, 7, 9, 10], "texture": "#1"},
				"west": {"uv": [7, 7, 9, 10], "texture": "#1"}
			}
		},
		{
			"name": "inside",
			"from": [7, 0, 9],
			"to": [9, 3, 9],
			"faces": {
				"north": {"uv": [7, 7, 9, 10], "texture": "#1"},
				"east": {"uv": [7, 7, 9, 10], "texture": "#1"},
				"south": {"uv": [7, 7, 9, 10], "texture": "#1"},
				"west": {"uv": [7, 7, 9, 10], "texture": "#1"}
			}
		}
	]
}