{
	"credit": "Made with Blockbench",
	"parent": "block/thin_block",
	"textures": {
		"1": "block/bamboo_trapdoor_sides",
		"particle": "block/bamboo_trapdoor",
		"texture": "block/bamboo_trapdoor"
	},
	"elements": [
		{
			"name": "outer",
			"from": [0, 0, 13],
			"to": [2, 16, 16],
			"faces": {
				"north": {"uv": [16, 0, 14, 16], "rotation": 180, "texture": "#texture"},
				"east": {"uv": [0, 3, 16, 6], "rotation": 270, "texture": "#1"},
				"south": {"uv": [0, 0, 2, 16], "texture": "#texture"},
				"west": {"uv": [0, 0, 16, 3], "rotation": 90, "texture": "#1"},
				"up": {"uv": [14, 0, 16, 3], "rotation": 180, "texture": "#1"},
				"down": {"uv": [0, 0, 2, 3], "texture": "#1"}
			}
		},
		{
			"name": "outer",
			"from": [14, 0, 13],
			"to": [16, 16, 16],
			"faces": {
				"north": {"uv": [2, 0, 0, 16], "rotation": 180, "texture": "#texture"},
				"east": {"uv": [0, 0, 16, 3], "rotation": 270, "texture": "#1"},
				"south": {"uv": [14, 0, 16, 16], "texture": "#texture"},
				"west": {"uv": [0, 3, 16, 6], "rotation": 90, "texture": "#1"},
				"up": {"uv": [0, 0, 2, 3], "rotation": 180, "texture": "#1"},
				"down": {"uv": [14, 0, 16, 3], "texture": "#1"}
			}
		},
		{
			"name": "outer",
			"from": [2, 14, 13],
			"to": [14, 16, 16],
			"faces": {
				"north": {"uv": [2, 2, 14, 0], "rotation": 180, "texture": "#texture"},
				"south": {"uv": [2, 0, 14, 2], "texture": "#texture"},
				"up": {"uv": [2, 0, 14, 3], "rotation": 180, "texture": "#1"},
				"down": {"uv": [2, 3, 14, 6], "texture": "#1"}
			}
		},
		{
			"name": "outer",
			"from": [2, 0, 13],
			"to": [14, 2, 16],
			"faces": {
				"north": {"uv": [2, 16, 14, 14], "rotation": 180, "texture": "#texture"},
				"south": {"uv": [2, 14, 14, 16], "texture": "#texture"},
				"up": {"uv": [2, 3, 14, 6], "rotation": 180, "texture": "#1"},
				"down": {"uv": [2, 0, 14, 3], "texture": "#1"}
			}
		},
		{
			"name": "inner",
			"from": [2, 2, 13.01],
			"to": [14, 7, 13.01],
			"faces": {
				"north": {"uv": [14, 2, 2, 7], "rotation": 180, "texture": "#texture"},
				"south": {"uv": [2, 9, 14, 14], "texture": "#texture"},
				"up": {"uv": [2, 7, 14, 10], "rotation": 180, "texture": "#1"}
			}
		},
		{
			"name": "inner",
			"from": [2, 9, 13.01],
			"to": [14, 14, 13.01],
			"faces": {
				"north": {"uv": [2, 7, 14, 2], "rotation": 180, "texture": "#texture"},
				"south": {"uv": [2, 2, 14, 7], "texture": "#texture"},
				"down": {"uv": [2, 7, 14, 10], "texture": "#1"}
			}
		},
		{
			"name": "inner",
			"from": [2, 7, 13.01],
			"to": [7, 9, 13.01],
			"faces": {
				"north": {"uv": [9, 7, 14, 9], "rotation": 180, "texture": "#texture"},
				"east": {"uv": [7, 7, 9, 10], "rotation": 270, "texture": "#1"},
				"south": {"uv": [2, 7, 7, 9], "texture": "#texture"}
			}
		},
		{
			"name": "inner",
			"from": [9, 7, 13.01],
			"to": [14, 9, 13.01],
			"faces": {
				"north": {"uv": [2, 7, 7, 9], "rotation": 180, "texture": "#texture"},
				"south": {"uv": [9, 7, 14, 9], "texture": "#texture"},
				"west": {"uv": [7, 7, 9, 10], "rotation": 90, "texture": "#1"}
			}
		},
		{
			"name": "inner",
			"from": [2, 9, 13],
			"to": [14, 14, 13],
			"faces": {
				"north": {"uv": [2, 7, 14, 2], "rotation": 180, "texture": "#texture"},
				"south": {"uv": [2, 2, 14, 7], "texture": "#texture"},
				"down": {"uv": [2, 7, 14, 10], "texture": "#1"}
			}
		},
		{
			"name": "inner",
			"from": [2, 7, 13],
			"to": [7, 9, 13],
			"faces": {
				"north": {"uv": [9, 7, 14, 9], "rotation": 180, "texture": "#texture"},
				"east": {"uv": [7, 7, 9, 10], "rotation": 270, "texture": "#1"},
				"south": {"uv": [2, 7, 7, 9], "texture": "#texture"}
			}
		},
		{
			"name": "inner",
			"from": [9, 7, 13],
			"to": [14, 9, 13],
			"faces": {
				"north": {"uv": [2, 7, 7, 9], "rotation": 180, "texture": "#texture"},
				"south": {"uv": [9, 7, 14, 9], "texture": "#texture"},
				"west": {"uv": [7, 7, 9, 10], "rotation": 90, "texture": "#1"}
			}
		},
		{
			"name": "inner",
			"from": [2, 2, 13],
			"to": [14, 7, 13],
			"faces": {
				"north": {"uv": [14, 2, 2, 7], "rotation": 180, "texture": "#texture"},
				"south": {"uv": [2, 9, 14, 14], "texture": "#texture"},
				"up": {"uv": [2, 7, 14, 10], "rotation": 180, "texture": "#1"}
			}
		},
		{
			"name": "inner",
			"from": [2, 2, 15.99],
			"to": [14, 7, 15.99],
			"faces": {
				"north": {"uv": [14, 2, 2, 7], "rotation": 180, "texture": "#texture"},
				"south": {"uv": [2, 9, 14, 14], "texture": "#texture"},
				"up": {"uv": [2, 7, 14, 10], "rotation": 180, "texture": "#1"}
			}
		},
		{
			"name": "inner",
			"from": [2, 9, 15.99],
			"to": [14, 14, 15.99],
			"faces": {
				"north": {"uv": [14, 9, 2, 14], "rotation": 180, "texture": "#texture"},
				"south": {"uv": [2, 2, 14, 7], "texture": "#texture"},
				"down": {"uv": [2, 7, 14, 10], "texture": "#1"}
			}
		},
		{
			"name": "inner",
			"from": [2, 7, 15.99],
			"to": [7, 9, 15.99],
			"faces": {
				"north": {"uv": [9, 7, 14, 9], "rotation": 180, "texture": "#texture"},
				"east": {"uv": [7, 7, 9, 10], "rotation": 270, "texture": "#1"},
				"south": {"uv": [2, 7, 7, 9], "texture": "#texture"}
			}
		},
		{
			"name": "inner",
			"from": [9, 7, 15.99],
			"to": [14, 9, 15.99],
			"faces": {
				"north": {"uv": [2, 7, 7, 9], "rotation": 180, "texture": "#texture"},
				"south": {"uv": [9, 7, 14, 9], "texture": "#texture"},
				"west": {"uv": [7, 7, 9, 10], "rotation": 90, "texture": "#1"}
			}
		},
		{
			"name": "inner",
			"from": [2, 9, 16],
			"to": [14, 14, 16],
			"faces": {
				"north": {"uv": [14, 9, 2, 14], "rotation": 180, "texture": "#texture"},
				"south": {"uv": [2, 2, 14, 7], "texture": "#texture"},
				"down": {"uv": [2, 7, 14, 10], "texture": "#1"}
			}
		},
		{
			"name": "inner",
			"from": [9, 7, 16],
			"to": [14, 9, 16],
			"faces": {
				"north": {"uv": [2, 7, 7, 9], "rotation": 180, "texture": "#texture"},
				"south": {"uv": [9, 7, 14, 9], "texture": "#texture"},
				"west": {"uv": [7, 7, 9, 10], "rotation": 90, "texture": "#1"}
			}
		},
		{
			"name": "inner",
			"from": [2, 7, 16],
			"to": [7, 9, 16],
			"faces": {
				"north": {"uv": [9, 7, 14, 9], "rotation": 180, "texture": "#texture"},
				"east": {"uv": [7, 7, 9, 10], "rotation": 270, "texture": "#1"},
				"south": {"uv": [2, 7, 7, 9], "texture": "#texture"}
			}
		},
		{
			"name": "inner",
			"from": [2, 2, 16],
			"to": [14, 7, 16],
			"faces": {
				"north": {"uv": [14, 2, 2, 7], "rotation": 180, "texture": "#texture"},
				"south": {"uv": [2, 9, 14, 14], "texture": "#texture"},
				"up": {"uv": [2, 7, 14, 10], "rotation": 180, "texture": "#1"}
			}
		},
		{
			"name": "inside",
			"from": [7, 7, 13],
			"to": [7, 9, 16],
			"faces": {
				"east": {"uv": [7, 7, 9, 10], "rotation": 270, "texture": "#1"},
				"west": {"uv": [7, 7, 9, 10], "rotation": 90, "texture": "#1"},
				"up": {"uv": [7, 7, 9, 10], "rotation": 180, "texture": "#1"},
				"down": {"uv": [7, 7, 9, 10], "texture": "#1"}
			}
		},
		{
			"name": "inside",
			"from": [7, 9, 13],
			"to": [9, 9, 16],
			"faces": {
				"east": {"uv": [7, 7, 9, 10], "rotation": 270, "texture": "#1"},
				"west": {"uv": [7, 7, 9, 10], "rotation": 90, "texture": "#1"},
				"up": {"uv": [7, 7, 9, 10], "rotation": 180, "texture": "#1"},
				"down": {"uv": [7, 7, 9, 10], "texture": "#1"}
			}
		},
		{
			"name": "inside",
			"from": [9, 7, 13],
			"to": [9, 9, 16],
			"faces": {
				"east": {"uv": [7, 7, 9, 10], "rotation": 270, "texture": "#1"},
				"west": {"uv": [7, 7, 9, 10], "rotation": 90, "texture": "#1"},
				"up": {"uv": [7, 7, 9, 10], "rotation": 180, "texture": "#1"},
				"down": {"uv": [7, 7, 9, 10], "texture": "#1"}
			}
		},
		{
			"name": "inside",
			"from": [7, 7, 13],
			"to": [9, 7, 16],
			"faces": {
				"east": {"uv": [7, 7, 9, 10], "rotation": 270, "texture": "#1"},
				"west": {"uv": [7, 7, 9, 10], "rotation": 90, "texture": "#1"},
				"up": {"uv": [7, 7, 9, 10], "rotation": 180, "texture": "#1"},
				"down": {"uv": [7, 7, 9, 10], "texture": "#1"}
			}
		}
	]
}