{
  "schema_version": 1,
  "failed_reloads_per_session": 1,
  "default_packs": [
    "fabric",
    "Moonlight Mods Dynamic Assets",
    "netherexp:jne_retextures",
    "unique_nether_wood",
    "file/Questweaks.zip",
    "file/KQV-1.20x.zip",
    "file/Created  Updated v0.1.zip",
    "file/Create Simple Storage 2.1.zip",
    "file/Create Immersive Aircrafts Resource Pack 1.20.1 - 2.0.zip",
    "file/Wizard's Enchanced.zip",
    "file/waystones_1.20.zip",
    "file/Stardew_plaques v1.0.zip",
    "file/Unique Dark 1.20.1 (free).zip",
    "file/Unique Dark Gui Modded Compat 1.19.2.zip",
    "file/Whimscape_1.20-1.20.1_r3.zip",
    "file/whimscape_unofficial_additions_1.0.7.zip",
    "file/Whimscape x Tom's Simple Storage 1.0.zip",
    "file/BCG x Whimscape.zip",
    "file/Whimscape_Leaves_1.20_r1.zip",
    "file/Adventurer'sChest_v2[Lootr].zip",
    "file/FreshAnimations_v1.9.2.zip",
    "file/Icon Xaero's 1.2 HF.zip",
    "file/Xaero's Mine Cells Mob Icons v1.2.zip",
    "file/Icon - Xaero X FA - v2.4 (1.20.x).zip",
    "file/Whimscape_x_FreshAnimations_1.20-1.20.1_r2.zip",
    "file/BCG Sounds.zip",
    "file/curiosfix.zip",
    "black_icons"

  ],
  "default_overrides": {
    "force_compatible": true
  },
  "pack_overrides": {
    "classic_icons": {
      "hidden": true
    },
    "continuity:default": {
      "hidden": true
    },
    "continuity:glass_pane_culling_fix": {
      "hidden": true
    },
    "create:legacy_copper": {
      "hidden": true
    },
    "create_central_kitchen:create_styled": {
      "hidden": true
    },
    "file/Quark Programmer Art.zip": {
      "hidden": true
    },
    "high_contrast": {
      "hidden": true
    },
    "programmer_art": {
      "hidden": true
    },
    "white_icons": {
      "hidden": true
    }
  }
}
